<?xml version="1.0" encoding="UTF-8"?>
<manifest identifier="man00001" xmlns="http://www.imsglobal.org/xsd/imscp_v1p1"
 xmlns:csm="http://www.imsglobal.org/xsd/imsccv1p2/imscsmd_v1p0" xmlns:imsmd="http://ltsc.ieee.org/xsd/LOM"
 xmlns:imsqti="http://www.imsglobal.org/xsd/imsqti_metadata_v2p1" xmlns:xsi="http://www.w3.org/2001/XMLSchema-instance"
   xsi:schemaLocation="http://www.imsglobal.org/xsd/imscp_v1p1 http://www.imsglobal.org/xsd/imscp_v1p2.xsd http://ltsc.ieee.org/xsd/LOM imsmd_loose_v1p3.xsd http://www.imsglobal.org/xsd/imsqti_metadata_v2p1 http://www.imsglobal.org/xsd/qti/qtiv2p1/imsqti_metadata_v2p1.xsd http://www.imsglobal.org/xsd/imsccv1p2/imscsmd_v1p0 http://www.imsglobal.org/profile/cc/ccv1p2/ccv1p2_imscsmd_v1p0.xsd"><metadata><schema>QTIv2.1</schema><schemaversion>2.0</schemaversion></metadata><organizations/><resources><resource
   href="qti21/question_bank00001.xml" identifier="question_bank00001" type="imsqti_test_xmlv2p1"><file
    href="qti21/question_bank00001.xml"/><dependency identifierref="assessmentItem00001"/><dependency
    identifierref="assessmentItem00002"/><dependency identifierref="assessmentItem00003"/><dependency
    identifierref="assessmentItem00004"/><dependency identifierref="assessmentItem00005"/><dependency
    identifierref="assessmentItem00006"/><dependency identifierref="assessmentItem00007"/><dependency
    identifierref="assessmentItem00008"/><dependency identifierref="assessmentItem00009"/><dependency
    identifierref="assessmentItem00010"/><dependency identifierref="assessmentItem00011"/><dependency
    identifierref="assessmentItem00012"/><dependency identifierref="assessmentItem00013"/><dependency
    identifierref="assessmentItem00014"/><dependency identifierref="assessmentItem00015"/><dependency
    identifierref="assessmentItem00016"/><dependency identifierref="assessmentItem00017"/><dependency
    identifierref="assessmentItem00018"/><dependency identifierref="assessmentItem00019"/><dependency
    identifierref="assessmentItem00020"/><dependency identifierref="assessmentItem00021"/><dependency
    identifierref="assessmentItem00022"/><dependency identifierref="assessmentItem00023"/><dependency
    identifierref="assessmentItem00024"/><dependency identifierref="assessmentItem00025"/><dependency
    identifierref="assessmentItem00026"/><dependency identifierref="assessmentItem00027"/><dependency
    identifierref="assessmentItem00028"/><dependency identifierref="assessmentItem00029"/><dependency
    identifierref="assessmentItem00030"/><dependency identifierref="assessmentItem00031"/><dependency
    identifierref="assessmentItem00032"/><dependency identifierref="assessmentItem00033"/><dependency
    identifierref="assessmentItem00034"/><dependency identifierref="assessmentItem00035"/><dependency
    identifierref="assessmentItem00036"/><dependency identifierref="assessmentItem00037"/><dependency
    identifierref="assessmentItem00038"/><dependency identifierref="assessmentItem00039"/><dependency
   identifierref="assessmentItem00040"/></resource><resource href="qti21/assessmentItem00001.xml"
   identifier="assessmentItem00001" type="imsqti_item_xmlv2p1"><file
   href="qti21/assessmentItem00001.xml"/></resource><resource href="qti21/assessmentItem00002.xml"
   identifier="assessmentItem00002" type="imsqti_item_xmlv2p1"><file
   href="qti21/assessmentItem00002.xml"/></resource><resource href="qti21/assessmentItem00003.xml"
   identifier="assessmentItem00003" type="imsqti_item_xmlv2p1"><file
   href="qti21/assessmentItem00003.xml"/></resource><resource href="qti21/assessmentItem00004.xml"
   identifier="assessmentItem00004" type="imsqti_item_xmlv2p1"><file
   href="qti21/assessmentItem00004.xml"/></resource><resource href="qti21/assessmentItem00005.xml"
   identifier="assessmentItem00005" type="imsqti_item_xmlv2p1"><file
   href="qti21/assessmentItem00005.xml"/></resource><resource href="qti21/assessmentItem00006.xml"
   identifier="assessmentItem00006" type="imsqti_item_xmlv2p1"><file
   href="qti21/assessmentItem00006.xml"/></resource><resource href="qti21/assessmentItem00007.xml"
   identifier="assessmentItem00007" type="imsqti_item_xmlv2p1"><file
   href="qti21/assessmentItem00007.xml"/></resource><resource href="qti21/assessmentItem00008.xml"
   identifier="assessmentItem00008" type="imsqti_item_xmlv2p1"><file
   href="qti21/assessmentItem00008.xml"/></resource><resource href="qti21/assessmentItem00009.xml"
   identifier="assessmentItem00009" type="imsqti_item_xmlv2p1"><file
   href="qti21/assessmentItem00009.xml"/></resource><resource href="qti21/assessmentItem00010.xml"
   identifier="assessmentItem00010" type="imsqti_item_xmlv2p1"><file
   href="qti21/assessmentItem00010.xml"/></resource><resource href="qti21/assessmentItem00011.xml"
   identifier="assessmentItem00011" type="imsqti_item_xmlv2p1"><file
   href="qti21/assessmentItem00011.xml"/></resource><resource href="qti21/assessmentItem00012.xml"
   identifier="assessmentItem00012" type="imsqti_item_xmlv2p1"><file
   href="qti21/assessmentItem00012.xml"/></resource><resource href="qti21/assessmentItem00013.xml"
   identifier="assessmentItem00013" type="imsqti_item_xmlv2p1"><file
   href="qti21/assessmentItem00013.xml"/></resource><resource href="qti21/assessmentItem00014.xml"
   identifier="assessmentItem00014" type="imsqti_item_xmlv2p1"><file
   href="qti21/assessmentItem00014.xml"/></resource><resource href="qti21/assessmentItem00015.xml"
   identifier="assessmentItem00015" type="imsqti_item_xmlv2p1"><file
   href="qti21/assessmentItem00015.xml"/></resource><resource href="qti21/assessmentItem00016.xml"
   identifier="assessmentItem00016" type="imsqti_item_xmlv2p1"><file
   href="qti21/assessmentItem00016.xml"/></resource><resource href="qti21/assessmentItem00017.xml"
   identifier="assessmentItem00017" type="imsqti_item_xmlv2p1"><file
   href="qti21/assessmentItem00017.xml"/></resource><resource href="qti21/assessmentItem00018.xml"
   identifier="assessmentItem00018" type="imsqti_item_xmlv2p1"><file
   href="qti21/assessmentItem00018.xml"/></resource><resource href="qti21/assessmentItem00019.xml"
   identifier="assessmentItem00019" type="imsqti_item_xmlv2p1"><file
   href="qti21/assessmentItem00019.xml"/></resource><resource href="qti21/assessmentItem00020.xml"
   identifier="assessmentItem00020" type="imsqti_item_xmlv2p1"><file
   href="qti21/assessmentItem00020.xml"/></resource><resource href="qti21/assessmentItem00021.xml"
   identifier="assessmentItem00021" type="imsqti_item_xmlv2p1"><file
   href="qti21/assessmentItem00021.xml"/></resource><resource href="qti21/assessmentItem00022.xml"
   identifier="assessmentItem00022" type="imsqti_item_xmlv2p1"><file
   href="qti21/assessmentItem00022.xml"/></resource><resource href="qti21/assessmentItem00023.xml"
   identifier="assessmentItem00023" type="imsqti_item_xmlv2p1"><file
   href="qti21/assessmentItem00023.xml"/></resource><resource href="qti21/assessmentItem00024.xml"
   identifier="assessmentItem00024" type="imsqti_item_xmlv2p1"><file
   href="qti21/assessmentItem00024.xml"/></resource><resource href="qti21/assessmentItem00025.xml"
   identifier="assessmentItem00025" type="imsqti_item_xmlv2p1"><file
   href="qti21/assessmentItem00025.xml"/></resource><resource href="qti21/assessmentItem00026.xml"
   identifier="assessmentItem00026" type="imsqti_item_xmlv2p1"><file
   href="qti21/assessmentItem00026.xml"/></resource><resource href="qti21/assessmentItem00027.xml"
   identifier="assessmentItem00027" type="imsqti_item_xmlv2p1"><file
   href="qti21/assessmentItem00027.xml"/></resource><resource href="qti21/assessmentItem00028.xml"
   identifier="assessmentItem00028" type="imsqti_item_xmlv2p1"><file
   href="qti21/assessmentItem00028.xml"/></resource><resource href="qti21/assessmentItem00029.xml"
   identifier="assessmentItem00029" type="imsqti_item_xmlv2p1"><file
   href="qti21/assessmentItem00029.xml"/></resource><resource href="qti21/assessmentItem00030.xml"
   identifier="assessmentItem00030" type="imsqti_item_xmlv2p1"><file
   href="qti21/assessmentItem00030.xml"/></resource><resource href="qti21/assessmentItem00031.xml"
   identifier="assessmentItem00031" type="imsqti_item_xmlv2p1"><file
   href="qti21/assessmentItem00031.xml"/></resource><resource href="qti21/assessmentItem00032.xml"
   identifier="assessmentItem00032" type="imsqti_item_xmlv2p1"><file
   href="qti21/assessmentItem00032.xml"/></resource><resource href="qti21/assessmentItem00033.xml"
   identifier="assessmentItem00033" type="imsqti_item_xmlv2p1"><file
   href="qti21/assessmentItem00033.xml"/></resource><resource href="qti21/assessmentItem00034.xml"
   identifier="assessmentItem00034" type="imsqti_item_xmlv2p1"><file
   href="qti21/assessmentItem00034.xml"/></resource><resource href="qti21/assessmentItem00035.xml"
   identifier="assessmentItem00035" type="imsqti_item_xmlv2p1"><file
   href="qti21/assessmentItem00035.xml"/></resource><resource href="qti21/assessmentItem00036.xml"
   identifier="assessmentItem00036" type="imsqti_item_xmlv2p1"><file
   href="qti21/assessmentItem00036.xml"/></resource><resource href="qti21/assessmentItem00037.xml"
   identifier="assessmentItem00037" type="imsqti_item_xmlv2p1"><file
   href="qti21/assessmentItem00037.xml"/></resource><resource href="qti21/assessmentItem00038.xml"
   identifier="assessmentItem00038" type="imsqti_item_xmlv2p1"><file
   href="qti21/assessmentItem00038.xml"/></resource><resource href="qti21/assessmentItem00039.xml"
   identifier="assessmentItem00039" type="imsqti_item_xmlv2p1"><file
   href="qti21/assessmentItem00039.xml"/></resource><resource href="qti21/assessmentItem00040.xml"
   identifier="assessmentItem00040" type="imsqti_item_xmlv2p1"><file href="qti21/assessmentItem00040.xml"/></resource></resources></manifest>
