<?xml version='1.0' encoding='UTF-8'?><assessmentItem xmlns="http://www.imsglobal.org/xsd/imsqti_v2p1" xmlns:ns9="http://www.imsglobal.org/xsd/apip/apipv1p0/imsapip_qtiv1p0" xmlns:ns8="http://www.w3.org/1999/xlink" title="" xmlns:xsi="http://www.w3.org/2001/XMLSchema-instance" xsi:schemaLocation="http://www.imsglobal.org/xsd/imsqti_v2p1 http://www.imsglobal.org/xsd/qti/qtiv2p1/imsqti_v2p1.xsd" adaptive="false" timeDependent="false" identifier="QUE__13590212_1"><responseDeclaration cardinality="single" baseType="identifier" identifier="RESPONSE"><correctResponse><value>answer_3</value></correctResponse></responseDeclaration><outcomeDeclaration identifier="SCORE" cardinality="single" baseType="float"><defaultValue><value>0</value></defaultValue></outcomeDeclaration><outcomeDeclaration identifier="FEEDBACKBASIC" cardinality="single" baseType="identifier"/><outcomeDeclaration identifier="MAXSCORE" cardinality="single" baseType="float"><defaultValue><value>0</value></defaultValue></outcomeDeclaration><itemBody><div><p>What happens if you don’t use the correct email subject format?</p></div><choiceInteraction responseIdentifier="RESPONSE" maxChoices="1" shuffle="false"><simpleChoice identifier="answer_1" fixed="true"><p>The email will not be delivered</p></simpleChoice><simpleChoice identifier="answer_2" fixed="true"><p>The instructor will still reply immediately</p></simpleChoice><simpleChoice identifier="answer_3" fixed="true"><p>Your grade may be penalized</p></simpleChoice><simpleChoice identifier="answer_4" fixed="true"><p>It will be forwarded to the department chair</p></simpleChoice></choiceInteraction></itemBody><responseProcessing><responseCondition><responseIf><match><variable identifier="RESPONSE"/><correct identifier="RESPONSE"/></match><setOutcomeValue identifier="SCORE"><variable identifier="MAXSCORE"/></setOutcomeValue><setOutcomeValue identifier="FEEDBACKBASIC"><baseValue baseType="identifier">correct_fb</baseValue></setOutcomeValue></responseIf><responseElse><setOutcomeValue identifier="FEEDBACKBASIC"><baseValue baseType="identifier">incorrect_fb</baseValue></setOutcomeValue></responseElse></responseCondition></responseProcessing></assessmentItem>