<?xml version='1.0' encoding='UTF-8'?><assessmentItem xmlns="http://www.imsglobal.org/xsd/imsqti_v2p1" xmlns:ns9="http://www.imsglobal.org/xsd/apip/apipv1p0/imsapip_qtiv1p0" xmlns:ns8="http://www.w3.org/1999/xlink" xmlns:xsi="http://www.w3.org/2001/XMLSchema-instance" xsi:schemaLocation="http://www.imsglobal.org/xsd/imsqti_v2p1 http://www.imsglobal.org/xsd/qti/qtiv2p1/imsqti_v2p1.xsd" adaptive="false" timeDependent="false" identifier="QUE__13590228_1"><responseDeclaration cardinality="single" baseType="identifier" identifier="RESPONSE"><correctResponse><value>answer_1</value></correctResponse></responseDeclaration><outcomeDeclaration identifier="SCORE" cardinality="single" baseType="float"><defaultValue><value>0</value></defaultValue></outcomeDeclaration><outcomeDeclaration identifier="FEEDBACKBASIC" cardinality="single" baseType="identifier"/><outcomeDeclaration identifier="MAXSCORE" cardinality="single" baseType="float"><defaultValue><value>0</value></defaultValue></outcomeDeclaration><itemBody><div>When are grades for assignments typically posted?</div><choiceInteraction responseIdentifier="RESPONSE" maxChoices="1" shuffle="false"><simpleChoice identifier="answer_1" fixed="true">Within two weeks of the due date</simpleChoice><simpleChoice identifier="answer_2" fixed="true">At the end of the term</simpleChoice><simpleChoice identifier="answer_3" fixed="true">Within three days</simpleChoice><simpleChoice identifier="answer_4" fixed="true">As soon as they are graded</simpleChoice></choiceInteraction></itemBody><responseProcessing><responseCondition><responseIf><match><variable identifier="RESPONSE"/><correct identifier="RESPONSE"/></match><setOutcomeValue identifier="SCORE"><variable identifier="MAXSCORE"/></setOutcomeValue><setOutcomeValue identifier="FEEDBACKBASIC"><baseValue baseType="identifier">correct_fb</baseValue></setOutcomeValue></responseIf><responseElse><setOutcomeValue identifier="FEEDBACKBASIC"><baseValue baseType="identifier">incorrect_fb</baseValue></setOutcomeValue></responseElse></responseCondition></responseProcessing></assessmentItem>