<?xml version="1.0" encoding="UTF-8"?>
<assessmentTest xmlns="http://www.imsglobal.org/xsd/imsqti_v2p1"
    xmlns:xsi="http://www.w3.org/2001/XMLSchema-instance"
    xsi:schemaLocation="http://www.imsglobal.org/xsd/imsqti_v2p1 http://www.imsglobal.org/xsd/qti/qtiv2p1/imsqti_v2p1.xsd"  identifier="question_bank00001" title="sandbox pool"><testPart identifier="question_bank00001_1" navigationMode="nonlinear" submissionMode="simultaneous"><assessmentSection identifier="question_bank00001_1_1" visible="false" title="Section 1"><assessmentItemRef identifier="assessmentItem00001" href="assessmentItem00001.xml" /><assessmentItemRef identifier="assessmentItem00002" href="assessmentItem00002.xml" /><assessmentItemRef identifier="assessmentItem00003" href="assessmentItem00003.xml" /><assessmentItemRef identifier="assessmentItem00004" href="assessmentItem00004.xml" /><assessmentItemRef identifier="assessmentItem00005" href="assessmentItem00005.xml" /><assessmentItemRef identifier="assessmentItem00006" href="assessmentItem00006.xml" /><assessmentItemRef identifier="assessmentItem00007" href="assessmentItem00007.xml" /><assessmentItemRef identifier="assessmentItem00008" href="assessmentItem00008.xml" /><assessmentItemRef identifier="assessmentItem00009" href="assessmentItem00009.xml" /><assessmentItemRef identifier="assessmentItem00010" href="assessmentItem00010.xml" /><assessmentItemRef identifier="assessmentItem00011" href="assessmentItem00011.xml" /><assessmentItemRef identifier="assessmentItem00012" href="assessmentItem00012.xml" /><assessmentItemRef identifier="assessmentItem00013" href="assessmentItem00013.xml" /><assessmentItemRef identifier="assessmentItem00014" href="assessmentItem00014.xml" /><assessmentItemRef identifier="assessmentItem00015" href="assessmentItem00015.xml" /><assessmentItemRef identifier="assessmentItem00016" href="assessmentItem00016.xml" /><assessmentItemRef identifier="assessmentItem00017" href="assessmentItem00017.xml" /><assessmentItemRef identifier="assessmentItem00018" href="assessmentItem00018.xml" /><assessmentItemRef identifier="assessmentItem00019" href="assessmentItem00019.xml" /><assessmentItemRef identifier="assessmentItem00020" href="assessmentItem00020.xml" /><assessmentItemRef identifier="assessmentItem00021" href="assessmentItem00021.xml" /><assessmentItemRef identifier="assessmentItem00022" href="assessmentItem00022.xml" /><assessmentItemRef identifier="assessmentItem00023" href="assessmentItem00023.xml" /><assessmentItemRef identifier="assessmentItem00024" href="assessmentItem00024.xml" /><assessmentItemRef identifier="assessmentItem00025" href="assessmentItem00025.xml" /><assessmentItemRef identifier="assessmentItem00026" href="assessmentItem00026.xml" /><assessmentItemRef identifier="assessmentItem00027" href="assessmentItem00027.xml" /><assessmentItemRef identifier="assessmentItem00028" href="assessmentItem00028.xml" /><assessmentItemRef identifier="assessmentItem00029" href="assessmentItem00029.xml" /><assessmentItemRef identifier="assessmentItem00030" href="assessmentItem00030.xml" /><assessmentItemRef identifier="assessmentItem00031" href="assessmentItem00031.xml" /><assessmentItemRef identifier="assessmentItem00032" href="assessmentItem00032.xml" /><assessmentItemRef identifier="assessmentItem00033" href="assessmentItem00033.xml" /><assessmentItemRef identifier="assessmentItem00034" href="assessmentItem00034.xml" /><assessmentItemRef identifier="assessmentItem00035" href="assessmentItem00035.xml" /><assessmentItemRef identifier="assessmentItem00036" href="assessmentItem00036.xml" /><assessmentItemRef identifier="assessmentItem00037" href="assessmentItem00037.xml" /><assessmentItemRef identifier="assessmentItem00038" href="assessmentItem00038.xml" /><assessmentItemRef identifier="assessmentItem00039" href="assessmentItem00039.xml" /><assessmentItemRef identifier="assessmentItem00040" href="assessmentItem00040.xml" /></assessmentSection></testPart></assessmentTest>